{
    "telemetry.machineId": "3768ef5ba628a5591ee830a833a68b510f81499f4408d0837c9ca051cccc6664",
    "lastKnownKeybindings": {
        "workbench.action.files.newUntitledFile": {
            "id": "workbench.action.files.newUntitledFile",
            "label": "Ctrl+N",
            "isNative": true
        },
        "workbench.action.files.openFolder": {
            "id": "workbench.action.files.openFolder",
            "label": "Ctrl+K Ctrl+O",
            "isNative": false
        },
        "workbench.action.files.openFile": {
            "id": "workbench.action.files.openFile",
            "label": "Ctrl+O",
            "isNative": true
        },
        "workbench.action.reopenClosedEditor": {
            "id": "workbench.action.reopenClosedEditor",
            "label": "Ctrl+Shift+T",
            "isNative": true
        },
        "workbench.action.openRecent": {
            "id": "workbench.action.openRecent",
            "label": "Ctrl+R",
            "isNative": true
        },
        "workbench.action.files.save": {
            "id": "workbench.action.files.save",
            "label": "Ctrl+S",
            "isNative": true
        },
        "workbench.action.files.saveAs": {
            "id": "workbench.action.files.saveAs",
            "label": "Ctrl+Shift+S",
            "isNative": true
        },
        "workbench.action.files.saveAll": {
            "id": "workbench.action.files.saveAll",
            "label": "Ctrl+K S",
            "isNative": false
        },
        "workbench.action.openSettings": {
            "id": "workbench.action.openSettings",
            "label": "Ctrl+,",
            "isNative": true
        },
        "workbench.view.extensions": {
            "id": "workbench.view.extensions",
            "label": "Ctrl+Shift+X",
            "isNative": true
        },
        "workbench.action.openGlobalKeybindings": {
            "id": "workbench.action.openGlobalKeybindings",
            "label": "Ctrl+K Ctrl+S",
            "isNative": false
        },
        "workbench.extensions.action.showRecommendedKeymapExtensions": {
            "id": "workbench.extensions.action.showRecommendedKeymapExtensions",
            "label": "Ctrl+K Ctrl+M",
            "isNative": false
        },
        "workbench.action.selectTheme": {
            "id": "workbench.action.selectTheme",
            "label": "Ctrl+K Ctrl+T",
            "isNative": false
        },
        "workbench.action.newWindow": {
            "id": "workbench.action.newWindow",
            "label": "Ctrl+Shift+N",
            "isNative": true
        },
        "workbench.action.closeWindow": {
            "id": "workbench.action.closeWindow",
            "label": "Ctrl+W",
            "isNative": true
        },
        "workbench.action.closeFolder": {
            "id": "workbench.action.closeFolder",
            "label": "Ctrl+K F",
            "isNative": false
        },
        "workbench.action.closeActiveEditor": {
            "id": "workbench.action.closeActiveEditor",
            "label": "Ctrl+F4",
            "isNative": true
        },
        "undo": {
            "id": "undo",
            "label": "Ctrl+Z",
            "isNative": true
        },
        "redo": {
            "id": "redo",
            "label": "Ctrl+Y",
            "isNative": true
        },
        "editor.action.clipboardCutAction": {
            "id": "editor.action.clipboardCutAction",
            "label": "Ctrl+X",
            "isNative": true
        },
        "editor.action.clipboardCopyAction": {
            "id": "editor.action.clipboardCopyAction",
            "label": "Ctrl+C",
            "isNative": true
        },
        "editor.action.clipboardPasteAction": {
            "id": "editor.action.clipboardPasteAction",
            "label": "Ctrl+V",
            "isNative": true
        },
        "actions.find": {
            "id": "actions.find",
            "label": "Ctrl+F",
            "isNative": true
        },
        "editor.action.startFindReplaceAction": {
            "id": "editor.action.startFindReplaceAction",
            "label": "Ctrl+H",
            "isNative": true
        },
        "workbench.action.findInFiles": {
            "id": "workbench.action.findInFiles",
            "label": "Ctrl+Shift+F",
            "isNative": true
        },
        "workbench.action.replaceInFiles": {
            "id": "workbench.action.replaceInFiles",
            "label": "Ctrl+Shift+H",
            "isNative": true
        },
        "editor.emmet.action.expandAbbreviation": {
            "id": "editor.emmet.action.expandAbbreviation",
            "label": "Tab",
            "isNative": true
        },
        "editor.action.commentLine": {
            "id": "editor.action.commentLine",
            "label": "Ctrl+/",
            "isNative": true
        },
        "editor.action.blockComment": {
            "id": "editor.action.blockComment",
            "label": "Shift+Alt+A",
            "isNative": true
        },
        "editor.action.insertCursorAbove": {
            "id": "editor.action.insertCursorAbove",
            "label": "Ctrl+Alt+Up",
            "isNative": true
        },
        "editor.action.insertCursorBelow": {
            "id": "editor.action.insertCursorBelow",
            "label": "Ctrl+Alt+Down",
            "isNative": true
        },
        "editor.action.insertCursorAtEndOfEachLineSelected": {
            "id": "editor.action.insertCursorAtEndOfEachLineSelected",
            "label": "Shift+Alt+I",
            "isNative": true
        },
        "editor.action.addSelectionToNextFindMatch": {
            "id": "editor.action.addSelectionToNextFindMatch",
            "label": "Ctrl+D",
            "isNative": true
        },
        "editor.action.selectHighlights": {
            "id": "editor.action.selectHighlights",
            "label": "Ctrl+Shift+L",
            "isNative": true
        },
        "editor.action.copyLinesUpAction": {
            "id": "editor.action.copyLinesUpAction",
            "label": "Shift+Alt+Up",
            "isNative": true
        },
        "editor.action.copyLinesDownAction": {
            "id": "editor.action.copyLinesDownAction",
            "label": "Ctrl+Shift+D",
            "isNative": true
        },
        "editor.action.moveLinesUpAction": {
            "id": "editor.action.moveLinesUpAction",
            "label": "Ctrl+Shift+Up",
            "isNative": true
        },
        "editor.action.moveLinesDownAction": {
            "id": "editor.action.moveLinesDownAction",
            "label": "Ctrl+Shift+Down",
            "isNative": true
        },
        "editor.action.selectAll": {
            "id": "editor.action.selectAll",
            "label": "Ctrl+A",
            "isNative": true
        },
        "editor.action.smartSelect.grow": {
            "id": "editor.action.smartSelect.grow",
            "label": "Shift+Alt+Right",
            "isNative": true
        },
        "editor.action.smartSelect.shrink": {
            "id": "editor.action.smartSelect.shrink",
            "label": "Shift+Alt+Left",
            "isNative": true
        },
        "workbench.action.showCommands": {
            "id": "workbench.action.showCommands",
            "label": "Ctrl+Shift+P",
            "isNative": true
        },
        "workbench.view.explorer": {
            "id": "workbench.view.explorer",
            "label": "Ctrl+Shift+E",
            "isNative": true
        },
        "workbench.view.search": {
            "id": "workbench.view.search",
            "label": "Ctrl+Shift+F",
            "isNative": true
        },
        "workbench.view.scm": {
            "id": "workbench.view.scm",
            "label": "Ctrl+Shift+G",
            "isNative": true
        },
        "workbench.view.debug": {
            "id": "workbench.view.debug",
            "label": "Ctrl+Shift+D",
            "isNative": true
        },
        "workbench.action.output.toggleOutput": {
            "id": "workbench.action.output.toggleOutput",
            "label": "Ctrl+Shift+U",
            "isNative": true
        },
        "workbench.debug.action.toggleRepl": {
            "id": "workbench.debug.action.toggleRepl",
            "label": "Ctrl+Shift+Y",
            "isNative": true
        },
        "workbench.action.terminal.toggleTerminal": {
            "id": "workbench.action.terminal.toggleTerminal",
            "label": "Ctrl+`",
            "isNative": true
        },
        "workbench.actions.view.problems": {
            "id": "workbench.actions.view.problems",
            "label": "Ctrl+Shift+M",
            "isNative": true
        },
        "workbench.action.toggleFullScreen": {
            "id": "workbench.action.toggleFullScreen",
            "label": "F11",
            "isNative": true
        },
        "workbench.action.toggleZenMode": {
            "id": "workbench.action.toggleZenMode",
            "label": "Ctrl+K Z",
            "isNative": false
        },
        "workbench.action.toggleSidebarVisibility": {
            "id": "workbench.action.toggleSidebarVisibility",
            "label": "F4",
            "isNative": true
        },
        "workbench.action.togglePanel": {
            "id": "workbench.action.togglePanel",
            "label": "Ctrl+J",
            "isNative": true
        },
        "workbench.action.zoomIn": {
            "id": "workbench.action.zoomIn",
            "label": "Ctrl+=",
            "isNative": true
        },
        "workbench.action.zoomOut": {
            "id": "workbench.action.zoomOut",
            "label": "Ctrl+-",
            "isNative": true
        },
        "workbench.action.zoomReset": {
            "id": "workbench.action.zoomReset",
            "label": "Ctrl+NumPad0",
            "isNative": false
        },
        "workbench.action.toggleEditorGroupLayout": {
            "id": "workbench.action.toggleEditorGroupLayout",
            "label": "Shift+Alt+0",
            "isNative": true
        },
        "editor.action.toggleWordWrap": {
            "id": "editor.action.toggleWordWrap",
            "label": "Alt+Z",
            "isNative": true
        },
        "workbench.action.navigateBack": {
            "id": "workbench.action.navigateBack",
            "label": "Alt+Left",
            "isNative": true
        },
        "workbench.action.navigateForward": {
            "id": "workbench.action.navigateForward",
            "label": "Alt+Right",
            "isNative": true
        },
        "workbench.action.nextEditor": {
            "id": "workbench.action.nextEditor",
            "label": "Ctrl+PageDown",
            "isNative": true
        },
        "workbench.action.previousEditor": {
            "id": "workbench.action.previousEditor",
            "label": "Ctrl+PageUp",
            "isNative": true
        },
        "workbench.action.openNextRecentlyUsedEditorInGroup": {
            "id": "workbench.action.openNextRecentlyUsedEditorInGroup",
            "label": "Ctrl+Shift+Backspace",
            "isNative": true
        },
        "workbench.action.openPreviousRecentlyUsedEditorInGroup": {
            "id": "workbench.action.openPreviousRecentlyUsedEditorInGroup",
            "label": "Ctrl+Shift+Tab",
            "isNative": true
        },
        "workbench.action.focusFirstEditorGroup": {
            "id": "workbench.action.focusFirstEditorGroup",
            "label": "Ctrl+1",
            "isNative": true
        },
        "workbench.action.focusSecondEditorGroup": {
            "id": "workbench.action.focusSecondEditorGroup",
            "label": "Ctrl+2",
            "isNative": true
        },
        "workbench.action.focusThirdEditorGroup": {
            "id": "workbench.action.focusThirdEditorGroup",
            "label": "Ctrl+3",
            "isNative": true
        },
        "workbench.action.focusFourthEditorGroup": {
            "id": "workbench.action.focusFourthEditorGroup",
            "label": "Ctrl+4",
            "isNative": true
        },
        "workbench.action.focusFifthEditorGroup": {
            "id": "workbench.action.focusFifthEditorGroup",
            "label": "Ctrl+5",
            "isNative": true
        },
        "workbench.action.focusLeftGroup": {
            "id": "workbench.action.focusLeftGroup",
            "label": "Ctrl+K Ctrl+LeftArrow",
            "isNative": false
        },
        "workbench.action.focusRightGroup": {
            "id": "workbench.action.focusRightGroup",
            "label": "Ctrl+K Ctrl+RightArrow",
            "isNative": false
        },
        "workbench.action.focusAboveGroup": {
            "id": "workbench.action.focusAboveGroup",
            "label": "Ctrl+K Ctrl+UpArrow",
            "isNative": false
        },
        "workbench.action.focusBelowGroup": {
            "id": "workbench.action.focusBelowGroup",
            "label": "Ctrl+K Ctrl+DownArrow",
            "isNative": false
        },
        "workbench.action.quickOpen": {
            "id": "workbench.action.quickOpen",
            "label": "Ctrl+P",
            "isNative": true
        },
        "workbench.action.gotoSymbol": {
            "id": "workbench.action.gotoSymbol",
            "label": "Ctrl+Shift+O",
            "isNative": true
        },
        "workbench.action.showAllSymbols": {
            "id": "workbench.action.showAllSymbols",
            "label": "Ctrl+T",
            "isNative": true
        },
        "editor.action.goToDeclaration": {
            "id": "editor.action.goToDeclaration",
            "label": "F12",
            "isNative": true
        },
        "editor.action.goToImplementation": {
            "id": "editor.action.goToImplementation",
            "label": "Ctrl+F12",
            "isNative": true
        },
        "workbench.action.gotoLine": {
            "id": "workbench.action.gotoLine",
            "label": "Ctrl+G",
            "isNative": true
        },
        "workbench.action.debug.start": {
            "id": "workbench.action.debug.start",
            "label": "F5",
            "isNative": true
        },
        "workbench.action.debug.run": {
            "id": "workbench.action.debug.run",
            "label": "Ctrl+F5",
            "isNative": true
        },
        "workbench.action.debug.stop": {
            "id": "workbench.action.debug.stop",
            "label": "Shift+F5",
            "isNative": true
        },
        "workbench.action.debug.restart": {
            "id": "workbench.action.debug.restart",
            "label": "Ctrl+Shift+F5",
            "isNative": true
        },
        "workbench.action.debug.stepOver": {
            "id": "workbench.action.debug.stepOver",
            "label": "F10",
            "isNative": true
        },
        "workbench.action.debug.stepInto": {
            "id": "workbench.action.debug.stepInto",
            "label": "F11",
            "isNative": true
        },
        "workbench.action.debug.stepOut": {
            "id": "workbench.action.debug.stepOut",
            "label": "Shift+F11",
            "isNative": true
        },
        "workbench.action.debug.continue": {
            "id": "workbench.action.debug.continue",
            "label": "F5",
            "isNative": true
        },
        "editor.debug.action.toggleBreakpoint": {
            "id": "editor.debug.action.toggleBreakpoint",
            "label": "F9",
            "isNative": true
        },
        "editor.debug.action.toggleInlineBreakpoint": {
            "id": "editor.debug.action.toggleInlineBreakpoint",
            "label": "Shift+F9",
            "isNative": true
        },
        "workbench.action.terminal.new": {
            "id": "workbench.action.terminal.new",
            "label": "Ctrl+Shift+`",
            "isNative": true
        },
        "workbench.action.terminal.split": {
            "id": "workbench.action.terminal.split",
            "label": "Ctrl+\\",
            "isNative": true
        },
        "workbench.action.tasks.build": {
            "id": "workbench.action.tasks.build",
            "label": "Ctrl+Shift+Alt+B",
            "isNative": true
        }
    },
    "theme": "vs-dark",
    "themeBackground": "#272822",
    "windowsState": {
        "lastActiveWindow": {
            "workspaceIdentifier": {
                "id": "70e5d14ce39f94ff4cee43720850879f",
                "configURIPath": "file:///c%3A/Users/h2005048/AppData/Roaming/Code/Workspaces/1590128176988/workspace.json"
            },
            "backupPath": "c:\\Users\\h2005048\\AppData\\Roaming\\Code\\Backups\\70e5d14ce39f94ff4cee43720850879f",
            "uiState": {
                "mode": 0,
                "x": 0,
                "y": 0,
                "width": 1920,
                "height": 1050
            }
        },
        "openedWindows": []
    },
    "pickerWorkingDir": "D:\\khc-source",
    "openedPathsList": {
        "workspaces3": [
            "file:///d%3A/gme/pub/frontend/dist/site",
            "file:///d%3A/sample%206.1",
            "file:///d%3A/00.%20Applications/nginx-1.19.0/html",
            "file:///d%3A/khc-source",
            "file:///d%3A/khc-source/hcriver",
            "file:///d%3A/Hyunchi%20Study/htmlFw",
            "file:///d%3A/Hyunchi%20Study/gittest",
            "file:///d%3A/Hyunchi%20Study/htmlPrac",
            "file:///d%3A/Hyundai_Genesis_Source_New/source",
            "file:///d%3A/Hyunchi%20Study/htmlKhc"
        ],
        "files2": [
            "file:///d%3A/gme/pub%20-%20gmc/spread/apps/components/gnb-new/clientlibs/css/main.css",
            "file:///d%3A/gme/pub%20-%20gmc/spread/apps/components/gnb-new/component.html",
            "file:///d%3A/gme/pub%20-%20gmc/spread/apps/components/download-center-new/component.html",
            "file:///d%3A/02.%20other%20work/array_sample.js",
            "file:///d%3A/gmc/spread/apps/components/related-content/component.html",
            "file:///d%3A/gmc/spread/apps/components/gnb/component.html",
            "file:///d%3A/gmc/spread/apps/components/change-your-region/component.html",
            "file:///d%3A/gmc/spread/apps/components/download-center/component.html",
            "file:///d%3A/gmc/spread/apps/components/gallery/component.html",
            "file:///d%3A/gmc/spread/etc.clientlibs/genesis-p2/global/clientlibs/clientlib-basepage/js/main.js",
            "file:///d%3A/gmc/spread/apps/components/footer/clientlibs/js/main.js",
            "file:///d%3A/gmc/spread/apps/components/footer/component.html",
            "file:///d%3A/gmc/conf/nginx.conf",
            "file:///d%3A/gmc/dev/js/main.js",
            "file:///d%3A/gmc/index.html",
            "file:///d%3A/gmc/apps/components/footer/clientlibs/css/main.css",
            "file:///d%3A/gmc/etc.clientlibs/genesis-p2/global/clientlibs/clientlib-basepage/css/main.css",
            "file:///d%3A/gmc/apps/components/footer/component.html",
            "file:///d%3A/gmc/apps/components/footer/clientlibs/js/main.js",
            "file:///d%3A/gmc/apps/components/breadcrumb/component.html",
            "file:///d%3A/gmc/apps/components/big-quote/clientlibs/js/main.js",
            "file:///d%3A/gmc/apps/components/contact-us/clientlibs/css/main.css",
            "file:///d%3A/00.%20Applications/nginx-1.19.0/html/article-listing.html",
            "file:///d%3A/00.%20Applications/nginx-1.19.0/html/gallery.html",
            "file:///d%3A/00.%20Applications/nginx-1.19.0/html/full-width-tabs.html",
            "file:///d%3A/00.%20Applications/nginx-1.19.0/html/related-content.html",
            "file:///d%3A/00.%20Applications/nginx-1.19.0/html/vertical-tabs.html",
            "file:///d%3A/00.%20Applications/nginx-1.19.0/html/vehicle-image-text.html",
            "file:///d%3A/00.%20Applications/nginx-1.19.0/html/vertical-accordion.html",
            "file:///d%3A/99.%20Download/maps-api-for-javascript-examples-master/markers-on-the-map/demo.js",
            "file:///d%3A/99.%20Download/maps-api-for-javascript-examples-master/synchronising-two-maps/demo.html",
            "file:///d%3A/99.%20Download/maps-api-for-javascript-examples-master/markers-on-the-map/demo.html",
            "file:///d%3A/00.%20Applications/nginx-1.19.0/html/site-navigation.html",
            "file:///d%3A/99.%20Download/maps-api-for-javascript-examples-master/test-credentials.js",
            "file:///d%3A/gme/pub/genesis6.4/etc/designs/genesis/gro/redesign/asset/renewal/js/here-map.js",
            "file:///d%3A/gme/pub/genesis6.4/etc/designs/genesis/gro/redesign/asset/renewal/css/here-map.css",
            "file:///d%3A/99.%20Download/maps-api-for-javascript-examples-master/template.css",
            "file:///d%3A/gme/pub/genesis6.4/html/stores/map%20template/test-credentials.js",
            "file:///d%3A/99.%20Download/maps-api-for-javascript-examples-master/map-at-specified-location/demo.js",
            "file:///d%3A/99.%20Download/maps-api-for-javascript-examples-master/map-object-events-displayed/demo.js",
            "file:///d%3A/gme/pub/genesis6.4/etc/designs/genesis/gro/redesign/asset/renewal/js/test-credentials.js",
            "file:///d%3A/gme/pub/genesis6.4/html/stores/map%20template/demo.html",
            "file:///d%3A/gme/pub/genesis6.4/html/stores/uk-westfield2.html",
            "file:///d%3A/gme/pub/genesis6.4/asset/bundle.js",
            "file:///d%3A/gme/pub/genesis6.4/etc/designs/genesis/gro/redesign/asset/bundle.js",
            "file:///d%3A/gme/pub/genesis6.4/html/stores/map%20template/demo.js",
            "file:///d%3A/99.%20Download/maps-api-for-javascript-examples-master/map-with-svg-graphic-markers/demo.js",
            "file:///d%3A/99.%20Download/maps-api-for-javascript-examples-master/map-at-specified-location/demo.html",
            "file:///d%3A/99.%20Download/maps-api-for-javascript-examples-master/LICENSE",
            "file:///d%3A/99.%20Download/maps-api-for-javascript-examples-master/meta.json",
            "file:///d%3A/99.asldshaLKJDHASLKSHALKAGJSKDLSAJHLSA/maps-api-for-javascript-examples-master/test-credentials.js",
            "file:///d%3A/99.asldshaLKJDHASLKSHALKAGJSKDLSAJHLSA/maps-api-for-javascript-examples-master/map-at-specified-location/demo.js",
            "file:///d%3A/99.asldshaLKJDHASLKSHALKAGJSKDLSAJHLSA/maps-api-for-javascript-examples-master/map-at-specified-location/demo.html",
            "file:///d%3A/00.%20Applications/nginx-1.19.0/html/event-hero.html",
            "file:///d%3A/00.%20Applications/nginx-1.19.0/html/etc/designs/genesis/kr/redesign/asset/bundle.css",
            "file:///d%3A/00.%20Applications/nginx-1.19.0/html/asset/bundle.css",
            "file:///d%3A/00.%20Applications/nginx-1.19.0/html/asset/common.css",
            "file:///d%3A/gme/pub/genesis6.4/html/map/demo.html",
            "file:///d%3A/00.%20Applications/nginx-1.19.0/html/text-video-markers.html",
            "file:///d%3A/00.%20Applications/nginx-1.19.0/html/big-quote.html",
            "file:///d%3A/gme/pub/conf/nginx.conf",
            "file:///d%3A/gme-project-webstorm/conf/nginx.conf",
            "file:///d%3A/gme/pub/genesis6.4/asset/common.css",
            "file:///d%3A/00.%20Applications/nginx-1.19.0/html/horizontal-tabs.html",
            "file:///d%3A/00.%20Applications/nginx-1.19.0/html/etc/designs/genesis/kr/redesign/asset/bundle.js",
            "file:///d%3A/00.%20Applications/nginx-1.19.0/html/usp.html",
            "file:///d%3A/99.%20Download/jquery-ui-1.12.1/jquery-ui.min.css",
            "file:///d%3A/99.%20Download/jquery-ui-1.12.1/jquery-ui.min.js",
            "file:///d%3A/khc-source/hcriver/assets/js/common.js",
            "file:///d%3A/gme/pub/genesis6.4/etc/designs/genesis/kr/redesign/asset/renewal/js/ugd-lib.js",
            "file:///d%3A/sample%206.1/web/brand-news-detail.jsp",
            "file:///d%3A/khc-source/hcriver/guide/swipe.html",
            "file:///d%3A/sample%206.1/mobile/brand-news.jsp",
            "file:///d%3A/02.%20other%20work/assets/js/vr360.js",
            "file:///d%3A/02.%20other%20work/vr360.html",
            "file:///d%3A/sample%206.1/web/brand-news.jsp",
            "file:///d%3A/02.%20library/assets/js/vr360aem.js",
            "file:///d%3A/02.%20library/vr360.html",
            "file:///d%3A/02.%20library/assets/js/vr360.js",
            "file:///d%3A/02.%20library/vr360aem.html",
            "file:///d%3A/02.%20library/assets/css/style.css",
            "file:///d%3A/02.%20library/assets/css/style_aem.css",
            "file:///d%3A/sample%206.1/web/defect-mail.html",
            "file:///d%3A/sample%206.1/mobile/terms-and-conditions_new4.jsp",
            "file:///d%3A/sample%206.1/mobile/footer-terms-of-use.jsp",
            "file:///d%3A/genesis6.4/etc/designs/genesis/us/css/fonts/icomoon.svg",
            "file:///d%3A/sample%206.1/pip/G80/mobile/specs_detail_eng.html",
            "file:///d%3A/sample%206.1/pip/G80/web/specs_detail_eng.html",
            "file:///d%3A/genesis6.4/html/models/key-specs-print.html",
            "file:///d%3A/sample%206.1/pip/G80/web/specs_print.html",
            "file:///d%3A/sample%206.1/pip/G80/web/specs_print_pop.html",
            "file:///d%3A/00.%20Applications/nginx-1.19.0/html/key-specs.html",
            "file:///d%3A/00.%20Applications/nginx-1.19.0/html/hero-default.html",
            "file:///d%3A/genesis6.4/etc/designs/genesis/kr/redesign/asset/bundle.css",
            "file:///d%3A/genesis6.4/etc/designs/genesis/kr/redesign/asset/common.css",
            "file:///d%3A/00.%20Applications/nginx-1.19.0/conf/nginx.conf",
            "file:///d%3A/99.%20Download/overview.html",
            "file:///d%3A/99.%20Download/Genesis%20GV80%20-%20The%20First%20SUV%20by%20Genesis%20_%20Genesis%20Korea.html",
            "file:///d%3A/gme/pub/frontend/build-tools/config/webpack/webpack.config.basePath.js",
            "file:///d%3A/gme/pub/frontend/dist/site/etc/designs/genesis/kr/redesign/asset/bundle.js"
        ]
    }
}